pm_index,authors,title,journal,date,doi,Title,
1,"Domènech-Abella J, Mundó J, Haro JM, Rubio-Valera M","Anxiety, depression, loneliness and social network in the elderly: Longitudinal associations from The Irish Longitudinal Study on Ageing (TILDA)",J Affect Disord,43525,10.1016/j.jad.2018.12.043,1,
2,"Valtorta NK, Kanaan M, Gilbody S, Hanratty B","Loneliness, social isolation and risk of cardiovascular disease in the English Longitudinal Study of Ageing",Eur J Prev Cardiol,43344,10.1177/2047487318792696,1,
3,"Kobayashi LC, Steptoe A","Social Isolation, Loneliness, and Health Behaviors at Older Ages: Longitudinal Cohort Study",Ann Behav Med,43251,10.1093/abm/kax033,1,
4,"Donovan NJ, Wu Q, Rentz DM, Sperling RA, Marshall GA, Glymour MM","Loneliness, depression and cognitive function in older U.S",adults,Int J Geriatr Psychiatry,10.1002/gps.4495,1,
5,"Steptoe A, Shankar A, Demakakos P, Wardle J","Social isolation, loneliness, and all-cause mortality in older men and women",Proc Natl Acad Sci U S A,41373,10.1073/pnas.1219686110,1,
6,"Vingeliene S, Hiyoshi A, Lentjes M, Fall K, Montgomery S",Longitudinal analysis of loneliness and inflammation at older ages: English longitudinal study of ageing,Psychoneuroendocrinology,43800,10.1016/j.psyneuen.2019.104421,1,
7,"Gale CR, Westbury L, Cooper C",Social isolation and loneliness as risk factors for the progression of frailty: the English Longitudinal Study of Ageing,Age Ageing,43221,10.1093/ageing/afx188,1,
8,"Hsueh YC, Chen CY, Hsiao YC, Lin CC","A longitudinal, cross-lagged panel analysis of loneliness and depression among community-based older adults",J Elder Abuse Negl,2019 Aug-Dec,10.1080/08946566.2019.1660936,1,
9,"Lindsay Smith G, Banting L, Eime R, O'Sullivan G, van Uffelen JGZ",The association between social support and physical activity in older adults: a systematic review,Int J Behav Nutr Phys Act,42852,10.1186/s12966-017-0509-8,1,
10,Yang K,Longitudinal Loneliness and Its Risk Factors among Older People in England,Can J Aging,43160,10.1017/S0714980817000526,1,
11,"Jaremka LM, Andridge RR, Fagundes CP, Alfano CM, Povoski SP, Lipari AM, Agnese DM, Arnold MW, Farrar WB, Yee LD, Carson WE 3rd, Bekaii-Saab T, Martin EW Jr, Schmidt CR, Kiecolt-Glaser JK","Pain, depression, and fatigue: loneliness as a longitudinal risk factor",Health Psychol,41883,10.1037/a0034012,1,
12,"Zhong BL, Chen SL, Tu X, Conwell Y",Loneliness and Cognitive Function in Older Adults: Findings From the Chinese Longitudinal Healthy Longevity Survey,J Gerontol B Psychol Sci Soc Sci,42736,10.1093/geronb/gbw037,1,
13,"Shankar A, Hamer M, McMunn A, Steptoe A",Social isolation and loneliness: relationships with cognitive function during 4 years of follow-up in the English Longitudinal Study of Ageing,Psychosom Med,41306,10.1097/PSY.0b013e31827f09cd,1,
14,"Maharani A, Pendleton N, Leroi I","Hearing Impairment, Loneliness, Social Isolation, and Cognitive Function: Longitudinal Analysis Using English Longitudinal Study on Ageing",Am J Geriatr Psychiatry,43800,10.1016/j.jagp.2019.07.010,1,
15,"Shankar A, McMunn A, Demakakos P, Hamer M, Steptoe A",Social isolation and loneliness: Prospective associations with functional status in older adults,Health Psychol,42767,10.1037/hea0000437,1,
16,"Okely JA, Deary IJ",Longitudinal Associations Between Loneliness and Cognitive Ability in the Lothian Birth Cohort 1936,J Gerontol B Psychol Sci Soc Sci,43742,10.1093/geronb/gby086,1,
17,"Schrempft S, Jackowska M, Hamer M, Steptoe A","Associations between social isolation, loneliness, and objective physical activity in older men and women",BMC Public Health,43481,10.1186/s12889-019-6424-y,1,
18,"Smith TO, Dainty JR, Williamson E, Martin KR",Association between musculoskeletal pain with social isolation and loneliness: analysis of the English Longitudinal Study of Ageing,Br J Pain,43586,10.1177/2049463718802868,1,
19,"Hanratty B, Stow D, Collingridge Moore D, Valtorta NK, Matthews F",Loneliness as a risk factor for care home admission in the English Longitudinal Study of Ageing,Age Ageing,43405,10.1093/ageing/afy095,1,
20,"Kristensen K, König HH, Hajek A",The longitudinal association of multimorbidity on loneliness and network size: Findings from a population-based study,Int J Geriatr Psychiatry,43739,10.1002/gps.5158,1,
21,"Menec VH, Newall NE, Mackenzie CS, Shooshtari S, Nowicki S",Examining individual and geographic factors associated with social isolation and loneliness using Canadian Longitudinal Study on Aging (CLSA) data,PLoS One,43497,10.1371/journal.pone.0211143,1,
22,"Richard A, Rohrmann S, Vandeleur CL, Schmid M, Barth J, Eichholzer M",Loneliness is adversely associated with physical and mental health and lifestyle factors: Results from a Swiss national survey,PLoS One,42933,10.1371/journal.pone.0181442,1,
23,"Tough H, Brinkhof MWG, Siegrist J, Fekete C",The impact of loneliness and relationship quality on life satisfaction: A longitudinal dyadic analysis in persons with physical disabilities and their partners,J Psychosom Res,43282,10.1016/j.jpsychores.2018.04.009,1,
24,"Hajek A, König HH",Obesity and loneliness,Findings from a longitudinal population-based study in the second half of life in Germany,Psychogeriatrics,10.1111/psyg.12375,1,
25,"Petersen J, Kaye J, Jacobs PG, Quinones A, Dodge H, Arnold A, Thielke S",Longitudinal Relationship Between Loneliness and Social Isolation in Older Adults: Results From the Cardiovascular Health Study,J Aging Health,42583,10.1177/0898264315611664,1,
26,"Lara E, Martín-María N, De la Torre-Luque A, Koyanagi A, Vancampfort D, Izquierdo A, Miret M",Does loneliness contribute to mild cognitive impairment and dementia? A systematic review and meta-analysis of longitudinal studies,Ageing Res Rev,43647,10.1016/j.arr.2019.03.002,1,
27,"Zhou Z, Mao F, Zhang W, Towne SD Jr, Wang P, Fang Y",The Association Between Loneliness and Cognitive Impairment among Older Men and Women in China: A Nationwide Longitudinal Study,Int J Environ Res Public Health,43689,10.3390/ijerph16162877,1,
28,"Gum AM, Shiovitz-Ezra S, Ayalon L",Longitudinal associations of hopelessness and loneliness in older adults: results from the US health and retirement study,Int Psychogeriatr,42979,10.1017/S1041610217000904,1,
29,"Shankar A, McMunn A, Banks J, Steptoe A","Loneliness, social isolation, and behavioral and biological health indicators in older adults",Health Psychol,40725,10.1037/a0022826,1,
30,Das A,Loneliness does (not) have cardiometabolic effects: A longitudinal study of older adults in two countries,Soc Sci Med,43497,10.1016/j.socscimed.2018.10.021,1,
31,"Vancampfort D, Lara E, Smith L, Rosenbaum S, Firth J, Stubbs B, Hallgren M, Koyanagi A",Physical activity and loneliness among adults aged 50 years or older in six low- and middle-income countries,Int J Geriatr Psychiatry,43800,10.1002/gps.5202,1,
32,"Wilson RS, Krueger KR, Arnold SE, Schneider JA, Kelly JF, Barnes LL, Tang Y, Bennett DA",Loneliness and risk of Alzheimer disease,Arch Gen Psychiatry,39114,10.1001/archpsyc.64.2.234,1,
33,"Walker E, Ploubidis G, Fancourt D",Social engagement and loneliness are differentially associated with neuro-immune markers in older age: Time-varying associations from the English Longitudinal Study of Ageing,Brain Behav Immun,43770,10.1016/j.bbi.2019.08.189,1,
34,"Simpson IC, Dumitrache CG, Calet N",Mental health symptoms and verbal fluency in elderly people: Evidence from the Spanish longitudinal study of aging,Aging Ment Health,43617,10.1080/13607863.2018.1448969,1,irrelevant
36,"Dahlberg L, Andersson L, McKee KJ, Lennartsson C",Predictors of loneliness among older women and men in Sweden: A national longitudinal study,Aging Ment Health,2015,10.1080/13607863.2014.944091,1,
37,"Karsay K, Schmuck D, Matthes J, Stevic A",Longitudinal Effects of Excessive Smartphone Use on Stress and Loneliness: The Moderating Role of Self-Disclosure,Cyberpsychol Behav Soc Netw,43770,10.1089/cyber.2019.0255,1,
38,"Chen L, Alston M, Guo W",The influence of social support on loneliness and depression among older elderly people in China: Coping styles as mediators,J Community Psychol,43617,10.1002/jcop.22185,1,
39,"Yu B, Steptoe A, Niu K, Ku PW, Chen LJ",Prospective associations of social isolation and loneliness with poor sleep quality in older adults,Qual Life Res,43160,10.1007/s11136-017-1752-9,1,
41,"Holvast F, Burger H, de Waal MM, van Marwijk HW, Comijs HC, Verhaak PF",Loneliness is associated with poor prognosis in late-life depression: Longitudinal analysis of the Netherlands study of depression in older persons,J Affect Disord,42278,10.1016/j.jad.2015.06.036,1,
42,"McHugh Power JE, Hannigan C, Carney S, Feeney J, Kenny RA, Kee F, Lawlor BA",Lonely SARTs: loneliness and sustained attention in the Irish longitudinal study of aging,Neuropsychol Dev Cogn B Aging Neuropsychol Cogn,43891,10.1080/13825585.2019.1602705,1,
43,"Nuyen J, Tuithof M, de Graaf R, van Dorsselaer S, Kleinjan M, Have MT",The bidirectional relationship between loneliness and common mental disorders in adults: findings from a longitudinal population-based cohort study,Soc Psychiatry Psychiatr Epidemiol,43727,10.1007/s00127-019-01778-8,1,
44,"Gan P, Xie Y, Duan W, Deng Q, Yu X",Rumination and Loneliness Independently Predict Six-Month Later Depression Symptoms among Chinese Elderly in Nursing Homes,PLoS One,42250,10.1371/journal.pone.0137176,1,
45,"Yin J, Lassale C, Steptoe A, Cadar D",Exploring the bidirectional associations between loneliness and cognitive functioning over 10 years: the English longitudinal study of ageing,Int J Epidemiol,43800,10.1093/ije/dyz085,1,
47,"Victor CR, Bowling A",A longitudinal analysis of loneliness among older people in Great Britain,J Psychol,2012 May-Jun,10.1080/00223980.2011.609572,1,
48,"Bennardi M, Caballero FF, Miret M, Ayuso-Mateos JL, Haro JM, Lara E, Arensman E, Cabello M","Longitudinal Relationships Between Positive Affect, Loneliness, and Suicide Ideation: Age-Specific Factors in a General Population",Suicide Life Threat Behav,43497,10.1111/sltb.12424,1,
49,"Curran E, Rosato M, Cooper J, Mc Garrigle CA, Leavey G","Symptom profiles of late-life anxiety and depression: The influence of migration, religion and loneliness",Depress Anxiety,43709,10.1002/da.22893,1,
50,"Henriksen J, Larsen ER, Mattisson C, Andersson NW","Loneliness, health and mortality",Epidemiol Psychiatr Sci,43556,10.1017/S2045796017000580,1,
51,"Suanet B, van Tilburg TG",Loneliness declines across birth cohorts: The impact of mastery and self-efficacy,Psychol Aging,43800,10.1037/pag0000357,1,
52,"McHugh Power JE, Steptoe A, Kee F, Lawlor BA",Loneliness and social engagement in older adults: A bivariate dual change score analysis,Psychol Aging,43497,10.1037/pag0000287,1,
53,"Chen W, Wu S, Ling L, Renzaho AMN",Impacts of social integration and loneliness on mental health of humanitarian migrants in Australia: evidence from a longitudinal study,Aust N Z J Public Health,43497,10.1111/1753-6405.12856,1,
54,"Cohen-Mansfield J, Shmotkin D, Goldberg S",Loneliness in old age: longitudinal changes and their determinants in an Israeli sample,Int Psychogeriatr,40148,10.1017/S1041610209990974,1,
55,"Abdellaoui A, Chen HY, Willemsen G, Ehli EA, Davies GE, Verweij KJH, Nivard MG, de Geus EJC, Boomsma DI, Cacioppo JT",Associations between loneliness and personality are mostly driven by a genetic association with Neuroticism,J Pers,43556,10.1111/jopy.12397,1,
56,"Wang H, Zhao E, Fleming J, Dening T, Khaw KT, Brayne C; CC75C study collaboration",Is loneliness associated with increased health and social care utilisation in the oldest old? Findings from a population-based longitudinal study,BMJ Open,43617,10.1136/bmjopen-2018-024645,1,
57,Shankar A,Loneliness and sleep in older adults,Soc Psychiatry Psychiatr Epidemiol,43862,10.1007/s00127-019-01805-8,1,
58,"Holwerda TJ, van Tilburg TG, Deeg DJ, Schutter N, Van R, Dekker J, Stek ML, Beekman AT, Schoevers RA",Impact of loneliness and depression on mortality: results from the Longitudinal Ageing Study Amsterdam,Br J Psychiatry,42583,10.1192/bjp.bp.115.168005,1,
59,"Rouxel P, Heilmann A, Demakakos P, Aida J, Tsakos G, Watt RG",Oral health- related quality of life and loneliness among older adults,Eur J Ageing,42569,10.1007/s10433-016-0392-1,1,
60,Stokes JE,Two-Wave Dyadic Analysis of Marital Quality and Loneliness in Later Life: Results From the Irish Longitudinal Study on Ageing,Res Aging,42887,10.1177/0164027515624224,1,
61,"Smith TO, Dainty JR, MacGregor AJ",Changes in social isolation and loneliness following total hip and knee arthroplasty: longitudinal analysis of the English Longitudinal Study of Ageing (ELSA) cohort,Osteoarthritis Cartilage,42979,10.1016/j.joca.2017.04.003,1,
64,"Iecovich E, Biderman A",Attendance in adult day care centers and its relation to loneliness among frail older adults,Int Psychogeriatr,40969,10.1017/S1041610211001840,1,
65,"Kuiper JS, Smidt N, Zuidema SU, Comijs HC, Oude Voshaar RC, Zuidersma M",A longitudinal study of the impact of social network size and loneliness on cognitive performance in depressed older adults,Aging Ment Health,43983,10.1080/13607863.2019.1571012,1,
66,Jylhä M,Old age and loneliness: cross-sectional and longitudinal analyses in the Tampere Longitudinal Study on Aging,Can J Aging,2004 Summer,10.1353/cja.2004.0023,1,
67,"Liu J, Rozelle S, Xu Q, Yu N, Zhou T",Social Engagement and Elderly Health in China: Evidence from the China Health and Retirement Longitudinal Survey (CHARLS),Int J Environ Res Public Health,43483,10.3390/ijerph16020278,1,
70,"Zhong BL, Chen SL, Conwell Y",Effects of Transient Versus Chronic Loneliness on Cognitive Function in Older Adults: Findings From the Chinese Longitudinal Healthy Longevity Survey,Am J Geriatr Psychiatry,42491,10.1016/j.jagp.2015.12.009,1,
71,"Nummela O, Seppänen M, Uutela A",The effect of loneliness and change in loneliness on self-rated health (SRH): a longitudinal study among aging people,Arch Gerontol Geriatr,2011 Sep-Oct,10.1016/j.archger.2010.10.023,1,
72,"Ma L, Sun F, Tang Z","Social Frailty Is Associated with Physical Functioning, Cognition, and Depression, and Predicts Mortality",J Nutr Health Aging,2018,10.1007/s12603-018-1054-0,1,
75,"Kristensen K, König HH, Hajek A","The association of multimorbidity, loneliness, social exclusion and network size: findings from the population- based German Ageing Survey",BMC Public Health,43766,10.1186/s12889-019-7741-x,1,
76,"Newall N, McArthur J, Menec VH","A longitudinal examination of social participation, loneliness, and use of physician and hospital services",J Aging Health,42095,10.1177/0898264314552420,1,
79,"Stessman J, Rottenberg Y, Shimshilashvili I, Ein-Mor E, Jacobs JM","Loneliness, health, and longevity",J Gerontol A Biol Sci Med Sci,41791,10.1093/gerona/glt147,1,
81,"Holmén K, Ericsson K, Winblad B",Social and emotional loneliness among non- demented and demented elderly people,Arch Gerontol Geriatr,36861,10.1016/s0167-4943(00)00070-4,1,
82,"Yang F, Gu D",Predictors of loneliness incidence in Chinese older adults from a life course perspective: a national longitudinal study,Aging Ment Health,43983,10.1080/13607863.2018.1558174,1,
83,"Schaakxs R, Comijs HC, Lamers F, Kok RM, Beekman ATF, Penninx BWJH",Associations between age and the course of major depressive disorder: a 2-year longitudinal cohort study,Lancet Psychiatry,43282,10.1016/S2215-0366(18)30166-4,1,
85,"Luo Y, Hawkley LC, Waite LJ, Cacioppo JT","Loneliness, health, and mortality in old age: a national longitudinal study",Soc Sci Med,40969,10.1016/j.socscimed.2011.11.028,1,
86,"Menec VH, Newall NE, Mackenzie CS, Shooshtari S, Nowicki S",Examining social isolation and loneliness in combination in relation to social support and psychological distress using Canadian Longitudinal Study of Aging (CLSA) data,PLoS One,43913,10.1371/journal.pone.0230673,1,
87,"McHugh JE, Kenny RA, Lawlor BA, Steptoe A, Kee F",The discrepancy between social isolation and loneliness as a clinically meaningful metric: findings from the Irish and English longitudinal studies of ageing (TILDA and ELSA),Int J Geriatr Psychiatry,42887,10.1002/gps.4509,1,
89,"Mick P, Parfyonov M, Wittich W, Phillips N, Guthrie D, Kathleen Pichora- Fuller M","Associations between sensory loss and social networks, participation, support, and loneliness: Analysis of the Canadian Longitudinal Study on Aging",Can Fam Physician,43101,10.1016/j.jad.2019.11.066,1,
90,"Pikhartova J, Bowling A, Victor C",Does owning a pet protect older people against loneliness? BMC Geriatr,2014 Sep 20;14:106,doi: 10.1186/1471-2318-14-106,10.1186/1471-2318-14-106,1,
91,"Shiovitz-Ezra S, Parag O",Does loneliness 'get under the skin'? Associations of loneliness with subsequent change in inflammatory and metabolic markers,Aging Ment Health,43739,10.1080/13607863.2018.1488942,1,
92,"Böger A, Huxhold O",Do the antecedents and consequences of loneliness change from middle adulthood into old age? Dev Psychol,2018 Jan;54(1):181-197,doi: 10.1037/dev0000453,10.1037/dev0000453,1,
93,"Petersen N, König HH, Hajek A","The link between falls, social isolation and loneliness: A systematic review",Arch Gerontol Geriatr,2020 May-Jun,10.1016/j.archger.2020.104020,1,
95,"Evans IEM, Llewellyn DJ, Matthews FE, Woods RT, Brayne C, Clare L","Social isolation, cognitive reserve, and cognition in older people with depression and anxiety",Aging Ment Health,43800,10.1080/13607863.2018.1506742,1,
96,"Pronk M, Deeg DJ, Kramer SE",Hearing status in older persons: a significant determinant of depression and loneliness? Results from the longitudinal aging study amsterdam,Am J Audiol,41609,10.1044/1059-0889(2013/12-0069),1,
97,"Power JEM, Sjöberg L, Kee F, Kenny RA, Lawlor B",Comparisons of the discrepancy between loneliness and social isolation across Ireland and Sweden: findings from TILDA and SNAC-K,Soc Psychiatry Psychiatr Epidemiol,43709,10.1007/s00127-019-01679-w,1,
100,"van Tilburg TG, Fokkema T",Hogere eenzaamheid onder Marokkaanse en Turkse ouderen in Nederland: Op zoek naar een verklaring [Stronger feelings of loneliness among Moroccan and Turkish older adults in the Netherlands: A search for an explanation],Tijdschr Gerontol Geriatr,43435,10.1007/s12439-018-0269-1,1,
104,"Böger A, Huxhold O",Age-related changes in emotional qualities of the social network from middle adulthood into old age: How do they relate to the experience of loneliness? Psychol Aging,2018 May;33(3):482-496,doi: 10.1037/pag0000222,10.1037/pag0000222,1,
105,"Wang H, Leng Y, Zhao E, Fleming J, Brayne C; CC75C Study Collaboration",Mortality risk of loneliness in the oldest old over a 10-year follow-up,Aging Ment Health,43831,10.1080/13607863.2018.1510897,1,
107,"Lim KK, Chan A",Association of loneliness and healthcare utilization among older adults in Singapore,Geriatr Gerontol Int,43040,10.1111/ggi.12962,1,
108,"Pikhartova J, Bowling A, Victor C",Is loneliness in later life a self- fulfilling prophecy? Aging Ment Health,2016;20(5):543-9,doi: 10.1080/13607863.2015.1023767,10.1080/13607863.2015.1023767,1,
109,"Tomás JM, Pinazo-Hernandis S, Oliver A, Donio-Bellegarde M, Tomás-Aguirre F",Loneliness and social support: Differential predictive power on depression and satisfaction in senior citizens,J Community Psychol,43617,10.1002/jcop.22184,1,
110,"Bartlett MY, Arpin SN",Gratitude and Loneliness: Enhancing Health and Well- Being in Older Adults,Res Aging,43709,10.1177/0164027519845354,1,
111,"Grande G, Vetrano DL, Cova I, Pomati S, Mattavelli D, Maggiore L, Cucumo V, Ghiretti R, Vanacore N, Mariani C, Rizzuto D",Living Alone and Dementia Incidence: A Clinical-Based Study in People With Mild Cognitive Impairment,J Geriatr Psychiatry Neurol,43221,10.1177/0891988718774425,1,
112,"Yu B, Steptoe A, Chen Y, Jia X","Social isolation, rather than loneliness, is associated with cognitive decline in older adults: the China Health and Retirement Longitudinal Study",Psychol Med,2020 Apr 27:1-8,10.1017/S0033291720001014,1,
113,"Li H, Zheng D, Li Z, Wu Z, Feng W, Cao X, Wang J, Gao Q, Li X, Wang W, Hall BJ, Xiang YT, Guo X",Association of Depressive Symptoms With Incident Cardiovascular Diseases in Middle-Aged and Older Chinese Adults,JAMA Netw Open,43801,10.1001/jamanetworkopen.2019.16591,1,
115,"Segel-Karpas D, Ayalon L",Loneliness and hostility in older adults: A cross-lagged model,Psychol Aging,43891,10.1037/pag0000417,1,
116,"Martín-María N, Caballero FF, Lara E, Domènech-Abella J, Haro JM, Olaya B, Ayuso-Mateos JL, Miret M",Effects of transient and chronic loneliness on major depression in older adults: A longitudinal study,Int J Geriatr Psychiatry,44056,10.1002/gps.5397,1,
117,"McHugh Power J, Tang J, Kenny RA, Lawlor BA, Kee F",Mediating the relationship between loneliness and cognitive function: the role of depressive and anxiety symptoms,Aging Ment Health,44013,10.1080/13607863.2019.1599816,1,
118,"Patterson AC, Veenstra G","Loneliness and risk of mortality: a longitudinal investigation in Alameda County, California",Soc Sci Med,40360,10.1016/j.socscimed.2010.03.024,1,
120,"Avila-Palencia I, Int Panis L, Dons E, Gaupp-Berghausen M, Raser E, Götschi T, Gerike R, Brand C, de Nazelle A, Orjuela JP, Anaya-Boig E, Stigell E, Kahlmeier S, Iacorossi F, Nieuwenhuijsen MJ","The effects of transport mode use on self-perceived health, mental health, and social contact measures: A cross- sectional and longitudinal study",Environ Int,43405,10.1016/j.envint.2018.08.002,1,
121,"Zhou Z, Wang P, Fang Y",Loneliness and the risk of dementia among older Chinese adults: gender differences,Aging Ment Health,43191,10.1080/13607863.2016.1277976,1,
123,"Sundström A, Adolfsson AN, Nordin M, Adolfsson R",Loneliness Increases the Risk of All-Cause Dementia and Alzheimer's Disease,J Gerontol B Psychol Sci Soc Sci,43937,10.1093/geronb/gbz139,1,
124,"Dong X, Chen R",Gender differences in the experience of loneliness in U.S,Chinese older adults,J Women Aging,10.1080/08952841.2015.1080534,1,
125,"Smith TO, Dainty JR, MacGregor A",Trajectory of social isolation following hip fracture: an analysis of the English Longitudinal Study of Ageing (ELSA) cohort,Age Ageing,43101,10.1093/ageing/afx129,1,
126,"Houtjes W, van Meijel B, van de Ven PM, Deeg D, van Tilburg T, Beekman A",The impact of an unfavorable depression course on network size and loneliness in older people: a longitudinal study in the community,Int J Geriatr Psychiatry,41913,10.1002/gps.4091,1,
127,"Patanwala M, Tieu L, Ponath C, Guzman D, Ritchie CS, Kushel M","Physical, Psychological, Social, and Existential Symptoms in Older Homeless-Experienced Adults: An Observational Study of the Hope Home Cohort",J Gen Intern Med,43221,10.1007/s11606-017-4229-1,1,
128,"Beam CR, Collins EM",Trajectories of Depressive Symptomatology and Loneliness in Older Adult Sexual Minorities and Heterosexual Groups,Clin Gerontol,2019 Mar-Apr,10.1080/07317115.2018.1518283,1,
130,"Santini ZI, Jose PE, York Cornwell E, Koyanagi A, Nielsen L, Hinrichsen C, Meilstrup C, Madsen KR, Koushede V","Social disconnectedness, perceived isolation, and symptoms of depression and anxiety among older Americans (NSHAP): a longitudinal mediation analysis",Lancet Public Health,43831,10.1016/S2468-2667(19)30230-0,1,
133,"Szabo A, Allen J, Stephens C, Alpass F",Longitudinal Analysis of the Relationship Between Purposes of Internet Use and Well-being Among Older Adults,Gerontologist,43474,10.1093/geront/gny036,1,
135,"Rawtaer I, Gao Q, Nyunt MS, Feng L, Chong MS, Lim WS, Lee TS, Yap P, Yap KB, Ng TP",Psychosocial Risk and Protective Factors and Incident Mild Cognitive Impairment and Dementia in Community Dwelling Elderly: Findings from the Singapore Longitudinal Ageing Study,J Alzheimers Dis,2017,10.3233/JAD-160862,1,
136,"Cacioppo JT, Hughes ME, Waite LJ, Hawkley LC, Thisted RA",Loneliness as a specific risk factor for depressive symptoms: cross-sectional and longitudinal analyses,Psychol Aging,38777,10.1037/0882-7974.21.1.140,1,
138,"Iecovich E, Jacobs JM, Stessman J","Loneliness, social networks, and mortality: 18 years of follow-up",Int J Aging Hum Dev,2011,10.2190/AG.72.3.e,1,
139,"Utz RL, Swenson KL, Caserta M, Lund D, deVries B",Feeling lonely versus being alone: loneliness and social support among recently bereaved persons,J Gerontol B Psychol Sci Soc Sci,41640,10.1093/geronb/gbt075,1,
140,"Dahlberg L, Andersson L, Lennartsson C",Long-term predictors of loneliness in old age: results of a 20-year national study,Aging Ment Health,43132,10.1080/13607863.2016.1247425,1,
141,"Förster F, Stein J, Löbner M, Pabst A, Angermeyer MC, König HH, Riedel- Heller SG",Loss experiences in old age and their impact on the social network and depression- results of the Leipzig Longitudinal Study of the Aged (LEILA 75+),J Affect Disord,43435,10.1016/j.jad.2018.07.070,1,
144,"Warner DF, Adams SA, Anderson RK","The Good, the Bad, and the Indifferent: Physical Disability, Social Role Configurations, and Changes in Loneliness Among Married and Unmarried Older Adults",J Aging Health,43709,10.1177/0898264318781129,1,
145,"Shankar A, Rafnsson SB, Steptoe A",Longitudinal associations between social connections and subjective wellbeing in the English Longitudinal Study of Ageing,Psychol Health,2015,10.1080/08870446.2014.979823,1,
146,"Warner CB, Roberts AR, Jeanblanc AB, Adams KB","Coping Resources, Loneliness, and Depressive Symptoms of Older Women With Chronic Illness",J Appl Gerontol,43525,10.1177/0733464816687218,1,
147,"Hajek A, König HH","How do cat owners, dog owners and individuals without pets differ in terms of psychosocial outcomes among individuals in old age without a partner? Aging Ment Health",2019 Jul 31:1-7,doi: 10.1080/13607863.2019.1647137,10.1080/13607863.2019.1647137,1,
148,"Steptoe A, Fancourt D","Leading a meaningful life at older ages and its relationship with social engagement, prosperity, health, biology, and time use",Proc Natl Acad Sci U S A,43487,10.1073/pnas.1814723116,1,
150,"Chou KL, Cacioppo JT, Kumari M, Song YQ",Influence of social environment on loneliness in older adults: Moderation by polymorphism in the CRHR1,Am J Geriatr Psychiatry,41760,10.1016/j.jagp.2012.11.002,1,
151,"Yang R, Wang H, Edelman LS, Tracy EL, Demiris G, Sward KA, Donaldson GW",Loneliness as a mediator of the impact of social isolation on cognitive functioning of Chinese older adults,Age Ageing,44013,10.1093/ageing/afaa020,1,
153,"Stessman J, Jacobs JM, Rottenberg Y","[LONELINESS, FUNCTION AND LONGEVITY: THE JERUSALEM LONGITUDINAL COHORT STUDY]",Harefuah,44075,10.1353/cja.2004.0028,1,
154,"Barlow MA, Liu SY, Wrosch C",Chronic illness and loneliness in older adulthood: The role of self-protective control strategies,Health Psychol,42217,10.1037/hea0000182,1,
155,"Stickley A, Santini ZI, Koyanagi A","Urinary incontinence, mental health and loneliness among community-dwelling older adults in Ireland",BMC Urol,42833,10.1186/s12894-017-0214-6,1,
157,"Simon MA, Chang ES, Zhang M, Ruan J, Dong X",The prevalence of loneliness among U.S,Chinese older adults,J Aging Health,10.1177/0898264314533722,1,
159,"Takagi E, Saito Y","Japanese older adults' loneliness, family relationships and mortality: Does one's living arrangement make a difference? Geriatr Gerontol Int",2020 Feb;20(2):156-160,doi: 10.1111/ggi.13837,10.1111/ggi.13837,1,
163,"Tesch-Römer C, Wiest M, Wurm S, Huxhold O",Einsamkeittrends in der zweiten Lebenshälfte : Befunde aus dem Deutschen Alterssurvey (DEAS) [Loneliness trends in the second half of life: results from the German Ageing Survey (DEAS)],Z Gerontol Geriatr,41365,10.1007/s00391-012-0359-6,1,
166,Ganesalingam G,Higher risk of physical frailty in older person is associated with increased levels of loneliness rather than social isolation,Evid Based Nurs,43739,10.1136/ebnurs-2018-103047,1,
168,"Beller J, Wagner A","Disentangling Loneliness: Differential Effects of Subjective Loneliness, Network Quality, Network Size, and Living Alone on Physical, Mental, and Cognitive Health",J Aging Health,43191,10.1177/0898264316685843,1,
170,"Bachem R, Levin Y, Solomon Z",Trajectories of attachment in older age: interpersonal trauma and its consequences,Attach Hum Dev,43678,10.1080/14616734.2018.1479871,1,
171,"Newall NE, Chipperfield JG, Bailis DS, Stewart TL",Consequences of loneliness on physical activity and mortality in older adults and the power of positive emotions,Health Psychol,41487,10.1037/a0029413,1,
172,"Kamiya Y, Doyle M, Henretta JC, Timonen V",Early-life circumstances and later-life loneliness in Ireland,Gerontologist,41913,10.1093/geront/gnt097,1,
173,"Luo Y, Waite LJ",Loneliness and mortality among older adults in China,J Gerontol B Psychol Sci Soc Sci,41821,10.1093/geronb/gbu007,1,
174,"Canli T, Yu L, Yu X, Zhao H, Fleischman D, Wilson RS, De Jager PL, Bennett DA",Loneliness 5 years ante-mortem is associated with disease-related differential gene expression in postmortem dorsolateral prefrontal cortex,Transl Psychiatry,43110,10.1038/s41398-017-0086-2,1,
177,van Baarsen B,Theories on coping with loss: the impact of social support and self-esteem on adjustment to emotional and social loneliness following a partner's death in later life,J Gerontol B Psychol Sci Soc Sci,37257,10.1093/geronb/57.1.s33,1,
179,"Ellwardt L, Aartsen M, Deeg D, Steverink N",Does loneliness mediate the relation between social support and cognitive functioning in later life? Soc Sci Med,2013 Dec;98:116-24,doi: 10.1016/j.socscimed.2013.09.002,10.1016/j.socscimed.2013.09.002,1,
181,"Reinhard E, Courtin E, van Lenthe FJ, Avendano M","Public transport policy, social engagement and mental health in older age: a quasi-experimental evaluation of free bus passes in England",J Epidemiol Community Health,43221,10.1136/jech-2017-210038,1,
184,"Hawkley LC, Kocherginsky M","Transitions in Loneliness Among Older Adults: A 5-Year Follow-Up in the National Social Life, Health, and Aging Project",Res Aging,43191,10.1177/0164027517698965,1,
186,"Tsai HH, Tsai YF","Changes in depressive symptoms, social support, and loneliness over 1 year after a minimum 3-month videoconference program for older nursing home residents",J Med Internet Res,40862,10.2196/jmir.1678,1,
188,"Smith L, Veronese N, López-Sánchez GF, Moller E, Johnstone J, Firth J, Grabovac I, Yang L, Soysal P, Jackson SE",Health behaviours and mental and physical health status in older adults with a history of homelessness: a cross- sectional population-based study in England,BMJ Open,43630,10.1136/bmjopen-2018-028003,1,
189,"Sha S, Xu Y, Chen L",Loneliness as a risk factor for frailty transition among older Chinese people,BMC Geriatr,44067,10.1186/s12877-020-01714-5,1,
192,"Gow AJ, Corley J, Starr JM, Deary IJ",Which social network or support factors are associated with cognitive abilities in old age? Gerontology,2013;59(5):454-63,doi: 10.1159/000351265,10.1159/000351265,1,
193,"Rafnsson SB, Orrell M, d'Orsi E, Hogervorst E, Steptoe A","Loneliness, Social Integration, and Incident Dementia Over 6 Years: Prospective Findings From the English Longitudinal Study of Ageing",J Gerontol B Psychol Sci Soc Sci,43831,10.1093/geronb/gbx087,1,
194,"Hoogendijk EO, Suanet B, Dent E, Deeg DJ, Aartsen MJ",Adverse effects of frailty on social functioning in older adults: Results from the Longitudinal Aging Study Amsterdam,Maturitas,42370,10.1016/j.maturitas.2015.09.002,1,
195,"Pun VC, Manjourides J, Suh HH",Close proximity to roadway and urbanicity associated with mental ill-health in older adults,Sci Total Environ,43549,10.1016/j.scitotenv.2018.12.221,1,
199,"Quirke E, König HH, Hajek A","Association between caring for grandchildren and feelings of loneliness, social isolation and social network size: a cross- sectional study of community dwelling adults in Germany",BMJ Open,43816,10.1136/bmjopen-2019-029605,1,
201,"Schoenmakers EC, van Tilburg TG, Fokkema T",Coping with loneliness: what do older adults suggest? Aging Ment Health,2012;16(3):353-60,doi: 10.1080/13607863.2011.630373,10.1080/13607863.2011.630373,1,
204,"van Tilburg TG, Suanet B",Unmarried Older People: Are They Socially Better Off Today? J Gerontol B Psychol Sci Soc Sci,2019 Oct 4;74(8):1463-1473,doi: 10.1093/geronb/gby120,10.1093/geronb/gby120,1,
205,Ang S,Social Participation and Mortality Among Older Adults in Singapore: Does Ethnicity Explain Gender Differences? J Gerontol B Psychol Sci Soc Sci,2018 Oct 10;73(8):1470-1479,doi: 10.1093/geronb/gbw078,10.1093/geronb/gbw078,1,
210,"Pronk M, Deeg DJ, Smits C, van Tilburg TG, Kuik DJ, Festen JM, Kramer SE",Prospective effects of hearing status on loneliness and depression in older persons: identification of subgroups,Int J Audiol,40878,10.3109/14992027.2011.599871,1,
211,People with negative views of old age more likely to end up lonely,Nurs Older People,2015 Jun;27(5):6,doi: 10.7748/nop.27.5.6.s3,10.7748/nop.27.5.6.s3,1,
212,"Yang J, Moorman SM",Beyond the Individual: Evidence Linking Neighborhood Trust and Social Isolation Among Community-Dwelling Older Adults,Int J Aging Hum Dev,2019 Aug 29:91415019871201,10.1177/0091415019871201,1,
213,Yang F,Widowhood and loneliness among Chinese older adults: the role of education and gender,Aging Ment Health,2020 Feb 26:1-10,10.1080/13607863.2020.1732293,1,
214,"Perissinotto CM, Stijacic Cenzer I, Covinsky KE",Loneliness in older persons: a predictor of functional decline and death,Arch Intern Med,41113,10.1001/archinternmed.2012.1993,1,
218,"Sivam A, Wroblewski KE, Alkorta-Aranburu G, Barnes LL, Wilson RS, Bennett DA, Pinto JM",Olfactory Dysfunction in Older Adults is Associated with Feelings of Depression and Loneliness,Chem Senses,42491,10.1093/chemse/bjv088,1,
220,"Gormley M, O'Neill D",Driving as a Travel Option for Older Adults: Findings From the Irish Longitudinal Study on Aging,Front Psychol,43622,10.3389/fpsyg.2019.01329,1,
221,"Olaya B, Domènech-Abella J, Moneta MV, Lara E, Caballero FF, Rico-Uribe LA, Haro JM",All-cause mortality and multimorbidity in older adults: The role of social support and loneliness,Exp Gerontol,43070,10.1016/j.exger.2017.10.001,1,
227,"Aartsen M, Jylhä M",Onset of loneliness in older adults: results of a 28 year prospective study,Eur J Ageing,40603,10.1007/s10433-011-0175-7,1,
230,"Klok J, van Tilburg TG, Suanet B, Fokkema T, Huisman M",National and transnational belonging among Turkish and Moroccan older migrants in the Netherlands: protective against loneliness? Eur J Ageing,2017 Mar 30;14(4):341-351,doi: 10.1007/s10433-017-0420-9,10.1007/s10433-017-0420-9,1,
231,"Timmermans EJ, Hoogendijk EO, Broese van Groenou MI, Comijs HC, van Schoor NM, Thomése FCF, Visser M, Deeg DJH, Huisman M",Trends across 20 years in multiple indicators of functioning among older adults in the Netherlands,Eur J Public Health,43800,10.1093/eurpub/ckz065,1,
232,"Steptoe A, Jackson SE","The Life Skills of Older Americans: Association with Economic, Psychological, Social, and Health Outcomes",Sci Rep,43286,10.1038/s41598-018-27909-w,1,
233,"Lim LL, Kua EH","Living alone, loneliness, and psychological well-being of older persons in singapore",Curr Gerontol Geriatr Res,2011,10.1155/2011/673181,1,
235,Tsai FJ,The maintaining and improving effect of grandchild care provision on elders' mental health-Evidence from longitudinal study in Taiwan,Arch Gerontol Geriatr,2016 May-Jun,10.1016/j.archger.2016.01.009,1,
236,"Bosdriesz JR, Stam M, Smits C, Kramer SE",Psychosocial health of cochlear implant users compared to that of adults with and without hearing aids: Results of a nationwide cohort study,Clin Otolaryngol,43252,10.1111/coa.13055,1,
237,"Gierveld Jde J, van Groenou MB, Hoogendoorn AW, Smit JH",Quality of marriages in later life and emotional and social loneliness,J Gerontol B Psychol Sci Soc Sci,39965,10.1093/geronb/gbn043,1,
238,"Santini ZI, Fiori KL, Feeney J, Tyrovolas S, Haro JM, Koyanagi A","Social relationships, loneliness, and mental health among older men and women in Ireland: A prospective community-based study",J Affect Disord,42675,10.1016/j.jad.2016.06.032,1,
239,"Zhao Y, Sautter JM, Qiu L, Gu D",Self-perceived uselessness and associated factors among older adults in China,BMC Geriatr,42744,10.1186/s12877-016-0406-z,1,
242,"Michielsen M, Comijs HC, Aartsen MJ, Semeijn EJ, Beekman AT, Deeg DJ, Kooij JJ",The relationships between ADHD and social functioning and participation in older adults in a population-based study,J Atten Disord,42125,10.1177/1087054713515748,1,
243,"van Tilburg TG, Steinmetz S, Stolte E, van der Roest H, de Vries DH",Loneliness and mental health during the COVID-19 pandemic: A study among Dutch older adults,J Gerontol B Psychol Sci Soc Sci,2020 Aug 5:gbaa111,10.1093/geronb/gbaa111,1,
245,"Klein J, von dem Knesebeck O, Lüdecke D",Social Inequalities and Loneliness as Predictors of Ageing Well: A Trend Analysis Using Mixed Models,Int J Environ Res Public Health,44035,10.3390/ijerph17155314,1,
253,"Wister A, Cosco T, Mitchell B, Menec V, Fyffe I",Development and Concurrent Validity of a Composite Social Isolation Index for Older Adults Using the CLSA,Can J Aging,43617,10.1017/S0714980818000612,1,
255,"Ellwardt L, van Tilburg T, Aartsen M, Wittek R, Steverink N",Personal networks and mortality risk in older adults: a twenty-year longitudinal study,PLoS One,42066,10.1371/journal.pone.0116731,1,
258,"Hawkley LC, Hughes ME, Waite LJ, Masi CM, Thisted RA, Cacioppo JT","From social structural factors to perceptions of relationship quality and loneliness: the Chicago health, aging, and social relations study",J Gerontol B Psychol Sci Soc Sci,39753,10.1093/geronb/63.6.s375,1,
261,"Cruwys T, Haslam C, Steffens NK, Haslam SA, Fong P, Lam BCP",Friendships that money can buy: financial security protects health in retirement by enabling social connectedness,BMC Geriatr,43790,10.1186/s12877-019-1281-1,1,
262,"Drewelies J, Wagner J, Tesch-Römer C, Heckhausen J, Gerstorf D",Perceived control across the second half of life: The role of physical health and social integration,Psychol Aging,42767,10.1037/pag0000143,1,
263,"Jeste DV, Glorioso D, Lee EE, Daly R, Graham S, Liu J, Paredes AM, Nebeker C, Tu XM, Twamley EW, Van Patten R, Yamada Y, Depp C, Kim HC","Study of Independent Living Residents of a Continuing Care Senior Housing Community: Sociodemographic and Clinical Associations of Cognitive, Physical, and Mental Health",Am J Geriatr Psychiatry,43709,10.1016/j.jagp.2019.04.002,1,
264,"Yu B, Steptoe A, Niu K, Jia X",Social Isolation and Loneliness as Risk Factors for Grip Strength Decline Among Older Women and Men in China,J Am Med Dir Assoc,2020 Jul 25:S1525-8610(20)30541-7,10.1016/j.jamda.2020.06.029,1,
269,"Hawkley LC, Thisted RA, Masi CM, Cacioppo JT",Loneliness predicts increased blood pressure: 5-year cross-lagged analyses in middle-aged and older adults,Psychol Aging,40238,10.1037/a0017805,1,
270,"Winstead V, Yost EA, Cotten SR, Berkowsky RW, Anderson WA",The impact of activity interventions on the well-being of older adults in continuing care communities,J Appl Gerontol,41913,10.1177/0733464814537701,1,
275,"Steptoe A, Wardle J","Life skills, wealth, health, and wellbeing in later life",Proc Natl Acad Sci U S A,42850,10.1073/pnas.1616011114,1,
278,"Kok AA, Aartsen MJ, Deeg DJ, Huisman M",Socioeconomic inequalities in a 16-year longitudinal measurement of successful ageing,J Epidemiol Community Health,42675,10.1136/jech-2015-206938,1,
284,"Jacobs JM, Hammerman-Rozenberg A, Stessman J",Frequency of Leaving the House and Mortality from Age 70 to 95,J Am Geriatr Soc,43101,10.1111/jgs.15148,1,
285,"Christiansen L, Sanmartin Berglund J, Lindberg C, Anderberg P, Skär L",Health-related quality of life and related factors among a sample of older people with cognitive impairment,Nurs Open,43543,10.1002/nop2.265,1,
288,"Buchman AS, Boyle PA, Wilson RS, James BD, Leurgans SE, Arnold SE, Bennett DA","Loneliness and the rate of motor decline in old age: the Rush Memory and Aging Project, a community-based cohort study",BMC Geriatr,40473,10.1186/1471-2318-10-77,1,
289,"Norberg A, Lundman B, Gustafson Y, Norberg C, Fischer RS, Lövheim H",Self- transcendence (ST) among very old people--its associations to social and medical factors and development over five years,Arch Gerontol Geriatr,2015 Sep- Oct,10.1016/j.archger.2015.04.003,1,
292,"Lara E, Moreno-Agostino D, Martín-María N, Miret M, Rico-Uribe LA, Olaya B, Cabello M, Haro JM, Ayuso-Mateos JL",Exploring the effect of loneliness on all- cause mortality: Are there differences between older adults and younger and middle-aged adults? Soc Sci Med,2020 Aug;258:113087,doi: 10.1016/j.socscimed.2020.113087,10.1016/j.socscimed.2020.113087,1,
294,"Philip KEJ, Polkey MI, Hopkinson NS, Steptoe A, Fancourt D","Social isolation, loneliness and physical performance in older-adults: fixed effects analyses of a cohort study",Sci Rep,44060,10.1038/s41598-020-70483-3,1,
295,"Grabovac I, Smith L, McDermott DT, Stefanac S, Yang L, Veronese N, Jackson SE",Well-Being Among Older Gay and Bisexual Men and Women in England: A Cross- sectional Population Study,J Am Med Dir Assoc,43709,10.1016/j.jamda.2019.01.119,1,
297,"Heikkinen RL, Kauppinen M",Mental well-being: a 16-year follow-up among older residents in Jyväskylä,Arch Gerontol Geriatr,2011 Jan-Feb,10.1016/j.archger.2010.01.017,1,
298,"Bandini J, Thompson EH Jr","""Widowerhood"": masculinities and spousal loss in the late-1960s",Omega (Westport),2013-2014,10.2190/om.68.2.c,1,
299,"Cacioppo JT, Hawkley LC, Thisted RA","Perceived social isolation makes me sad: 5-year cross-lagged analyses of loneliness and depressive symptomatology in the Chicago Health, Aging, and Social Relations Study",Psychol Aging,40330,10.1037/a0017216,1,
301,"Anusic I, Lucas RE",Do social relationships buffer the effects of widowhood? A prospective study of adaptation to the loss of a spouse,J Pers,41913,10.1111/jopy.12067,1,
305,"Ellwardt L, Aartsen M, van Tilburg T",Types of Non-kin Networks and Their Association With Survival in Late Adulthood: A Latent Class Approach,J Gerontol B Psychol Sci Soc Sci,42917,10.1093/geronb/gbw142,1,
307,"Cohen-Mansfield J, Shmotkin D, Blumstein Z, Shorek A, Eyal N, Hazan H; CALAS Team","The old, old-old, and the oldest old: continuation or distinct categories? An examination of the relationship between age and changes in health, function, and wellbeing",Int J Aging Hum Dev,2013,10.2190/AG.77.1.c,1,
309,"Jacobs JM, Cohen A, Ein-Mor E, Stessman J",Gender differences in survival in old age,Rejuvenation Res,41974,10.1089/rej.2014.1587,1,
315,"Kim JH, Park EC, Lee SG, Lee Y, Jang SI",Effects of social integration on depressive symptoms in Korea: analysis from the Korean Longitudinal Study of Aging (2006-12),Aust Health Rev,42856,10.1071/AH16029,1,
317,"Jarach CM, Tettamanti M, Nobili A, D'avanzo B",Social isolation and loneliness as related to progression and reversion of frailty in the Survey of Health Aging Retirement in Europe (SHARE),Age Ageing,2020 Sep 11:afaa168,10.1093/ageing/afaa168,1,
318,"Eloranta S, Arve S, Lavonius S, Routasalo P, Lehtonen A, Viitanen M, Isoaho H",Positive life orientation in old age: a 15-year follow-up,Arch Gerontol Geriatr,2012 Nov-Dec,10.1016/j.archger.2012.04.010,1,
320,"Wang X, Shen W, Wang C, Zhang X, Xiao Y, He F, Zhai Y, Li F, Shang X, Lin J",Association between eating alone and depressive symptom in elders: a cross- sectional study,BMC Geriatr,42385,10.1186/s12877-016-0197-2,1,
324,"Yeh SC, Liu YY",Influence of social support on cognitive function in the elderly,BMC Health Serv Res,37771,10.1186/1472-6963-3-9,1,
325,"Wright H, Jenks RA",Sex on the brain! Associations between sexual activity and cognitive function in older age,Age Ageing,42430,10.1093/ageing/afv197,1,
326,"Quach LT, Burr JA","Perceived social isolation, social disconnectedness and falls: the mediating role of depression",Aging Ment Health,2020 Mar 5:1-6,10.1080/13607863.2020.1732294,1,
327,"Sutin AR, Stephan Y, Carretta H, Terracciano A","Perceived discrimination and physical, cognitive, and emotional health in older adulthood",Am J Geriatr Psychiatry,42036,10.1016/j.jagp.2014.03.007,1,
328,"Wagner J, Hoppmann C, Ram N, Gerstorf D","Self-esteem is relatively stable late in life: the role of resources in the health, self-regulation, and social domains",Dev Psychol,42005,10.1037/a0038338,1,
333,"Zhang X, Yeung DY, Fung HH, Lang FR",Changes in peripheral social partners and loneliness over time: the moderating role of interdependence,Psychol Aging,40878,10.1037/a0023674,1,
336,"Liu G, Dupre ME, Gu D, Mair CA, Chen F",Psychological well-being of the institutionalized and community-residing oldest old in China: the role of children,Soc Sci Med,41214,10.1016/j.socscimed.2012.07.019,1,
340,"Mulasso A, Roppolo M, Giannotta F, Rabaglietti E",Associations of frailty and psychosocial factors with autonomy in daily activities: a cross-sectional study in Italian community-dwelling older adults,Clin Interv Aging,42380,10.2147/CIA.S95162,1,
346,"Stolz E, Fux B, Mayerl H, Rásky É, Freidl W",Passive Suicide Ideation Among Older Adults in Europe: A Multilevel Regression Analysis of Individual and Societal Determinants in 12 Countries (SHARE),J Gerontol B Psychol Sci Soc Sci,42614,10.1093/geronb/gbw041,1,
348,"Mikkelsen ASB, Lund R, Kristiansen M",Social relations and healthcare utilisation among middle-aged and older people: study protocol for an implementation and register-based study in Denmark,BMC Health Serv Res,43054,10.1186/s12913-017-2650-0,1,
350,"Stone J, Evandrou M, Falkingham J",The transition to living alone and psychological distress in later life,Age Ageing,41395,10.1093/ageing/aft006,1,
351,"Jacobs JM, Hammerman-Rozenberg R, Maaravi Y, Cohen A, Stessman J","The impact of visual impairment on health, function and mortality",Aging Clin Exp Res,38565,10.1007/BF03324611,1,
354,"Thiyagarajan JA, Prince M, Webber M",Social support network typologies and health outcomes of older people in low and middle income countries--a 10/66 Dementia Research Group population-based study,Int Rev Psychiatry,41852,10.3109/09540261.2014.925850,1,
355,"Petersen J, Austin D, Mattek N, Kaye J","Time Out-of-Home and Cognitive, Physical, and Emotional Wellbeing of Older Adults: A Longitudinal Mixed Effects Model",PLoS One,42282,10.1371/journal.pone.0139643,1,
356,"Kawai C, Sasaki M",[Adjustment to spousal bereavement and successful aging: a 16-year longitudinal study],Shinrigaku Kenkyu,38078,10.4992/jjpsy.75.49,1,
357,"Bu F, Philip K, Fancourt D",Social isolation and loneliness as risk factors for hospital admissions for respiratory disease among older adults,Thorax,44013,10.1136/thoraxjnl-2019-214445,1,
358,"Ormstad H, Eilertsen G, Heir T, Sandvik L",Personality traits and the risk of becoming lonely in old age: A 5-year follow-up study,Health Qual Life Outcomes,43889,10.1186/s12955-020-01303-5,1,
363,"Wilson RS, Boyle PA, James BD, Leurgans SE, Buchman AS, Bennett DA",Negative social interactions and risk of mild cognitive impairment in old age,Neuropsychology,42186,10.1037/neu0000154,1,
364,"Cohen-Mansfield J, Shmotkin D, Hazan H","Homebound older persons: prevalence, characteristics, and longitudinal predictors",Arch Gerontol Geriatr,2012 Jan-Feb,10.1016/j.archger.2011.02.016,1,
368,"Hoogendijk EO, Smit AP, van Dam C, Schuster NA, de Breij S, Holwerda TJ, Huisman M, Dent E, Andrew MK",Frailty Combined with Loneliness or Social Isolation: An Elevated Risk for Mortality in Later Life,J Am Geriatr Soc,44035,10.1111/jgs.16716,1,
369,"Cornwell B, Laumann EO",The health benefits of network growth: new evidence from a national survey of older adults,Soc Sci Med,42005,10.1016/j.socscimed.2013.09.011,1,
372,"Margelisch K, Schneewind KA, Violette J, Perrig-Chiello P","Marital stability, satisfaction and well-being in old age: variability and continuity in long-term continuously married older persons",Aging Ment Health,42826,10.1080/13607863.2015.1102197,1,
373,"Carroll JE, Diez Roux AV, Fitzpatrick AL, Seeman T",Low social support is associated with shorter leukocyte telomere length in late life: multi-ethnic study of atherosclerosis,Psychosom Med,41306,10.1097/PSY.0b013e31828233bf,1,
374,"Rueggeberg R, Wrosch C, Miller GE, McDade TW","Associations between health- related self-protection, diurnal cortisol, and C-reactive protein in lonely older adults",Psychosom Med,2012 Nov-Dec,10.1097/PSY.0b013e3182732dc6,1,
379,"Nagarkar A, Kashikar Y",Predictors of functional disability with focus on activities of daily living: A community based follow-up study in older adults in India,Arch Gerontol Geriatr,2017 Mar-Apr,10.1016/j.archger.2016.11.015,1,
385,"Cornwell EY, Waite LJ",Measuring social isolation among older adults using multiple indicators from the NSHAP study,J Gerontol B Psychol Sci Soc Sci,40118,10.1093/geronb/gbp037,1,
387,"McCrory C, Finucane C, O'Hare C, Frewen J, Nolan H, Layte R, Kearney PM, Kenny RA",Social Disadvantage and Social Isolation Are Associated With a Higher Resting Heart Rate: Evidence From The Irish Longitudinal Study on Ageing,J Gerontol B Psychol Sci Soc Sci,42491,10.1093/geronb/gbu163,1,
399,"Maltby J, Hunt SA, Ohinata A, Palmer E, Conroy S",Frailty and Social Isolation: Comparing the Relationship between Frailty and Unidimensional and Multifactorial Models of Social Isolation,J Aging Health,2020 Jun 9:898264320923245,10.1177/0898264320923245,1,
405,"Kramer SE, Kapteyn TS, Kuik DJ, Deeg DJ",The association of hearing impairment and chronic diseases with psychosocial health status in older age,J Aging Health,37288,10.1177/089826430201400107,1,
410,"Shiovitz-Ezra S, Leitsch S, Graber J, Karraker A","Quality of life and psychological health indicators in the national social life, health, and aging project",J Gerontol B Psychol Sci Soc Sci,40118,10.1093/geronb/gbn020,1,
412,"Zettel LA, Rook KS",Substitution and compensation in the social networks of older widowed women,Psychol Aging,38231,10.1037/0882-7974.19.3.433,1,
416,"Bisschop MI, Kriegsman DM, van Tilburg TG, Penninx BW, van Eijk JT, Deeg DJ",The influence of differing social ties on decline in physical functioning among older people with and without chronic diseases: the Longitudinal Aging Study Amsterdam,Aging Clin Exp Res,37712,10.1007/BF03324496,1,
430,"Kim ES, Whillans AV, Lee MT, Chen Y, VanderWeele TJ",Volunteering and Subsequent Health and Well-Being in Older Adults: An Outcome-Wide Longitudinal Approach,Am J Prev Med,44044,10.1016/j.amepre.2020.03.004,1,
431,Stevens NL,Aging well' in de 21e eeuw: een psychosociaal perspectief [Aging well in the 20th century: a psychosocial perspective],Tijdschr Gerontol Geriatr,41426,10.1007/s12439-013-0018-4,1,
432,"Hajek A, König HH",Does the beginning and the end of income poverty affect psychosocial factors among middle-aged and older adults? Findings based on nationally representative longitudinal data,Aging Ment Health,2020 Feb 12:1-7,10.1080/13607863.2020.1725740,1,
433,Eriksson BG,"Ordinal dispersion of ratings of social participation as a function of age from 70 years of age among the H-70 panel, Gothenburg, Sweden",Arch Gerontol Geriatr,2008 Sep-Oct,10.1016/j.archger.2007.08.007,1,
434,"Chen Y, Kim ES, VanderWeele TJ",Religious-service attendance and subsequent health and well-being throughout adulthood: evidence from three prospective cohorts,Int J Epidemiol,2020 Aug 13:dyaa120,10.1093/ije/dyaa120,1,